{
	"info": {
		"_postman_id": "f0daa583-508c-4ad6-a171-27eb2088e93b",
		"name": "Bayer-Api-Log",
		"schema": "https://schema.getpostman.com/json/collection/v2.1.0/collection.json"
	},
	"item": [
		{
			"name": "Action Action",
			"request": {
				"method": "POST",
				"header": [
					{
						"key": "Content-Type",
						"name": "Content-Type",
						"value": "application/json",
						"type": "text"
					}
				],
				"body": {
					"mode": "raw",
					"raw": "{\r\n  \"CWId\": \"string\",\r\n  \"Token\": \"string\",\r\n  \"Module\": 120,\r\n  \"SubModule\": 0,\r\n  \"ActionType\": 0,\r\n  \"Descricao\": \"string\",\r\n  \"Info\": \"string\"\r\n}",
					"options": {
						"raw": {
							"language": "json"
						}
					}
				},
				"url": {
					"raw": "http://localhost:8080/api/Action/action",
					"protocol": "http",
					"host": [
						"localhost"
					],
					"port": "8080",
					"path": [
						"api",
						"Action",
						"action"
					]
				}
			},
			"response": []
		},
		{
			"name": "Action Job",
			"request": {
				"method": "POST",
				"header": [
					{
						"key": "Content-Type",
						"name": "Content-Type",
						"value": "application/json",
						"type": "text"
					}
				],
				"body": {
					"mode": "raw",
					"raw": "{\r\n  \"Type\": 655651,\r\n  \"Summary\": \"teste\"\r\n}",
					"options": {
						"raw": {
							"language": "json"
						}
					}
				},
				"url": {
					"raw": "http://localhost:8080/api/Action/job",
					"protocol": "http",
					"host": [
						"localhost"
					],
					"port": "8080",
					"path": [
						"api",
						"Action",
						"job"
					]
				}
			},
			"response": []
		},
		{
			"name": "Action Job Item",
			"request": {
				"method": "POST",
				"header": [
					{
						"key": "Content-Type",
						"name": "Content-Type",
						"value": "application/json",
						"type": "text"
					}
				],
				"body": {
					"mode": "raw",
					"raw": "{\r\n  \"Type\": 796,\r\n  \"OldData\": \"string\",\r\n  \"NewData\": \"string\",\r\n  \"Status\": 0,\r\n  \"Error\": \"string\"\r\n}",
					"options": {
						"raw": {
							"language": "json"
						}
					}
				},
				"url": {
					"raw": "http://localhost:8080/api/Action/job/656",
					"protocol": "http",
					"host": [
						"localhost"
					],
					"port": "8080",
					"path": [
						"api",
						"Action",
						"job",
						"656"
					]
				}
			},
			"response": []
		},
		{
			"name": "Error Talend",
			"request": {
				"method": "POST",
				"header": [
					{
						"key": "Content-Type",
						"name": "Content-Type",
						"value": "application/json",
						"type": "text"
					}
				],
				"body": {
					"mode": "raw",
					"raw": "{\r\n  \"CWId\": \"string\",\r\n  \"Token\": \"string\",\r\n  \"Module\": 6262,\r\n  \"Submodule\": 0,\r\n  \"Action\": 0,\r\n  \"Url\": \"string\",\r\n  \"Body\": \"string\",\r\n  \"Headers\": \"string\",\r\n  \"HttpStatusResponse\": 0,\r\n  \"BodyResponse\": \"string\",\r\n  \"Description\": \"string\"\r\n}",
					"options": {
						"raw": {
							"language": "json"
						}
					}
				},
				"url": {
					"raw": "http://localhost:8080/api/Error/talend",
					"protocol": "http",
					"host": [
						"localhost"
					],
					"port": "8080",
					"path": [
						"api",
						"Error",
						"talend"
					]
				}
			},
			"response": []
		},
		{
			"name": "Error Business",
			"request": {
				"method": "POST",
				"header": [
					{
						"key": "Content-Type",
						"name": "Content-Type",
						"value": "application/json",
						"type": "text"
					}
				],
				"body": {
					"mode": "raw",
					"raw": "{\r\n  \"CWId\": \"string\",\r\n  \"Token\": \"string\",\r\n  \"Module\": 0,\r\n  \"SubModule\": 0,\r\n  \"Action\": 0,\r\n  \"Description\": \"string\",\r\n  \"ResponseError\": \"string\",\r\n  \"TypeException\": \"string\",\r\n  \"InnerException\": \"string\"\r\n}",
					"options": {
						"raw": {
							"language": "json"
						}
					}
				},
				"url": {
					"raw": "http://localhost:8080/api/Error/business",
					"protocol": "http",
					"host": [
						"localhost"
					],
					"port": "8080",
					"path": [
						"api",
						"Error",
						"business"
					]
				}
			},
			"response": []
		}
	],
	"protocolProfileBehavior": {}
}